{"count":1,"self":23.517763199999997,"total":23.5440062,"children":{"InitializeActuators":{"count":1,"self":0.001537,"total":0.001537,"children":null},"InitializeSensors":{"count":1,"self":0.0021402,"total":0.0021402,"children":null},"AgentSendState":{"count":881,"self":0.0029032999999999997,"total":0.010981099999999999,"children":{"CollectObservations":{"count":881,"self":0.0040347,"total":0.0040347,"children":null},"WriteActionMask":{"count":881,"self":0.0015137999999999998,"total":0.0015137999999999998,"children":null},"RequestDecision":{"count":881,"self":0.0025293,"total":0.0025293,"children":null}}},"DecideAction":{"count":881,"self":0.0050342999999999994,"total":0.0050342999999999994,"children":null},"AgentAct":{"count":881,"self":0.0055525999999999995,"total":0.0055525999999999995,"children":null}},"gauges":{"Mario.CumulativeReward":{"count":1,"max":0,"min":0,"runningAverage":0,"value":0,"weightedAverage":0}},"metadata":{"timer_format_version":"0.1.0","start_time_seconds":"1732313579","unity_version":"6000.0.27f1","command_line_arguments":"C:\\Program Files\\Unity\\Hub\\Editor\\6000.0.27f1\\Editor\\Unity.exe","communication_protocol_version":"1.5.0","com.unity.ml-agents_version":"3.0.0","scene_name":"World","end_time_seconds":"1732313603"}}