{"count":1,"self":78.5700608,"total":81.567674799999992,"children":{"InitializeActuators":{"count":4,"self":0.0015363999999999998,"total":0.0015363999999999998,"children":null},"InitializeSensors":{"count":4,"self":0.0010360999999999999,"total":0.0010360999999999999,"children":null},"AgentSendState":{"count":3480,"self":0.0296939,"total":0.3047214,"children":{"CollectObservations":{"count":13920,"self":0.24233449999999998,"total":0.24233449999999998,"children":null},"WriteActionMask":{"count":13920,"self":0.0035269999999999998,"total":0.0035269999999999998,"children":null},"RequestDecision":{"count":13920,"self":0.029165999999999997,"total":0.029165999999999997,"children":null}}},"DecideAction":{"count":3480,"self":0.0232174,"total":0.0232174,"children":null},"AgentAct":{"count":3480,"self":2.6671,"total":2.6671,"children":null}},"gauges":{"Mario.CumulativeReward":{"count":24,"max":5.41,"min":-1.1,"runningAverage":1.62958312,"value":5.41,"weightedAverage":1.9867022}},"metadata":{"timer_format_version":"0.1.0","start_time_seconds":"1732339495","unity_version":"6000.0.27f1","command_line_arguments":"C:\\Program Files\\Unity\\Hub\\Editor\\6000.0.27f1\\Editor\\Unity.exe","communication_protocol_version":"1.5.0","com.unity.ml-agents_version":"3.0.0","scene_name":"World","end_time_seconds":"1732339577"}}